{
  "projects": [
    {
      "name": "DKNY Narciso Trắng",
      "description": "rat thom",
      "price": 123123,
      "image": "https://tse2.mm.bing.net/th?id=OIP._gFp8f55OJ8DOFJKOmFqWwHaHZ&pid=Api&P=0&h=180",
      "id": "c2bf"
    },
    {
      "id": "809d",
      "name": "DKNY Luxury",
      "description": "rat thomm",
      "price": 787654,
      "image": "https://th.bing.com/th/id/OIP.t7Afz3NUYIKboODTs1MD9AHaIa?w=175&h=199&c=7&r=0&o=5&pid=1.7"
    },
    {
      "id": "71b1",
      "name": "Màn hình MSI PRO MP241X 23.8 inch FHD/VA 75Hz - Hàng Chính Hãng",
      "description": "xinn",
      "price": 13333,
      "image": "https://salt.tikicdn.com/cache/750x750/ts/product/cf/b0/c1/882e5373525fd323bbece03e2ab81d55.jpg.webp"
    },
    {
      "id": "0aef",
      "name": "Màn hình máy tính AOC 27B1H2 (27\"/FHD/IPS/100Hz/4ms/ AOC 27B1H -2) - Hàng chính hãng",
      "description": "LCD",
      "price": 9999999,
      "image": "https://salt.tikicdn.com/cache/750x750/ts/product/4f/94/4d/09e5aa9f493d971caef114b663cf2dda.jpg.webp"
    },
    {
      "id": "0f86",
      "name": "COCO Channel",
      "description": "1231223",
      "price": 1239999,
      "image": "https://fimgs.net/images/secundar/o.41516.jpg"
    },
    {
      "id": "51e2",
      "name": "Dior Sauvage",
      "description": "nuoc hoa quy ong",
      "price": 12309771230977,
      "image": "https://i.pinimg.com/originals/f8/4d/e3/f84de361fc495a7ba7aff77db6d4798b.jpg"
    }
  ],
  "users": [
    {
      "email": "123@gmail.com",
      "password": "$2a$10$5YH9kRan0oEn5SdewyVobuMHnA0c3xi7mbrtL/JzKIKZGDFamOb6m",
      "id": 1
    },
    {
      "email": "trungpcp@gmail.com",
      "password": "$2a$10$fIE0aifv7UYMNHY4.r0C1OXCMQKD6v9bQ1PdhIHsS6OWfWyD84gJ.",
      "id": 2
    }
  ]
}